Calção Inês,Vermelho,ES2522VE-8
Calção Inês,Vermelho,ES2522VE-10
Calção Inês,Vermelho,ES2522VE-12
Calção Inês,Vermelho,ES2522VE-14
Calção Inês,Vermelho,ES2522VE-16
Calção Inês,Vermelho,ES2522VE-18
Calção Inês,Vermelho,ES2522VE-20
Calção Inês,Preto Canelado,ES2522PC-8
Calção Inês,Preto Canelado,ES2522PC-10
Calção Inês,Preto Canelado,ES2522PC-12
Calção Inês,Preto Canelado,ES2522PC-14
Calção Inês,Preto Canelado,ES2522PC-16
Calção Inês,Preto Canelado,ES2522PC-18
Calção Inês,Preto Canelado,ES2522PC-20
Calção Inês,Marinho,ES2522MA-8
Calção Inês,Marinho,ES2522MA-10
Calção Inês,Marinho,ES2522MA-12
Calção Inês,Marinho,ES2522MA-14
Calção Inês,Marinho,ES2522MA-16
Calção Inês,Marinho,ES2522MA-18
Calção Inês,Marinho,ES2522MA-20
Calção Inês,Roxo,ES2522RX-8
Calção Inês,Roxo,ES2522RX-10
Calção Inês,Roxo,ES2522RX-12
Calção Inês,Roxo,ES2522RX-14
Calção Inês,Roxo,ES2522RX-16
Calção Inês,Roxo,ES2522RX-18
Calção Inês,Roxo,ES2522RX-20
Calção Inês,Azul Royal,ES2522AR-8
Calção Inês,Azul Royal,ES2522AR-10
Calção Inês,Azul Royal,ES2522AR-12
Calção Inês,Azul Royal,ES2522AR-14
Calção Inês,Azul Royal,ES2522AR-16
Calção Inês,Azul Royal,ES2522AR-18
Calção Inês,Azul Royal,ES2522AR-20
Calção Inês,Preto,ES2522PT-8
Calção Inês,Preto,ES2522PT-10
Calção Inês,Preto,ES2522PT-12
Calção Inês,Preto,ES2522PT-14
Calção Inês,Preto,ES2522PT-16
Calção Inês,Preto,ES2522PT-18
Calção Inês,Preto,ES2522PT-20
Calção Inês,Vôlei Marinho,ES2522VM-8
Calção Inês,Vôlei Marinho,ES2522VM-10
Calção Inês,Vôlei Marinho,ES2522VM-12
Calção Inês,Vôlei Marinho,ES2522VM-14
Calção Inês,Vôlei Marinho,ES2522VM-16
Calção Inês,Vôlei Marinho,ES2522VM-18
Calção Inês,Vôlei Marinho,ES2522VM-20
Calção Inês,Vôlei Cinza,ES2522VC-8
Calção Inês,Vôlei Cinza,ES2522VC-10
Calção Inês,Vôlei Cinza,ES2522VC-12
Calção Inês,Vôlei Cinza,ES2522VC-14
Calção Inês,Vôlei Cinza,ES2522VC-16
Calção Inês,Vôlei Cinza,ES2522VC-18
Calção Inês,Vôlei Cinza,ES2522VC-20