Top Vini Reversível,Marias,ES2402MA-4
Saia-Calção Polly,Marias,ES2420MA-4
Calção Lih,Gatinha,ES2421GA-4
Top Vini Reversível,Pink/Lima,ES2402VP-2
Saia-Calção Polly,Vôlei,ES2420VC-14
Calção Lih,Pink Canelado,ES2421PI-4
Calção Lih,Azul Canelado,ES2421AZ-4
Top Vini Reversível,Gatinha,ES2402GA-4
Calção Lih,Gatinha,ES2421GA-4
Calção Inês,Grafite,ES2522GR-8
Calção Inês,Grafite,ES2522GR-12
Calção Inês,Grafite,ES2522GR-14
Calção Inês,Grafite,ES2522GR-16
Calção Inês,Grafite,ES2522GR-20
Top Vini Reversível,Grafite,ES2402GR-14
Calção Inês,Preto,ES2522PT-12
Calção Inês,Preto,ES2522PT-14
Calção Inês,Preto,ES2522PT-22
Calção Saia Polly,Marias,ES2420MA-4
Saia-Calção Polly,Vôlei,ES2420PT-12
Saia-Calção Polly,Vôlei,ES2420PT-22
Calção MT, Voôlei Marinho,ES2523VM-18
Saia-Calção Polly,Strong,ES2420SG-14
Saia-Calção Polly,Strong,ES2420SG-16
Saia-Calção Polly,Strong,ES2420SG-18
Saia-Calção Polly,Strong,ES2420SG-20
Saia-Calção Polly,Coloré,ES2420CO-18
Saia-Calção Polly,Rosa Médio,ES2420RM-14
Saia-Calção Polly,Rosa Médio,ES2420RM-16
Saia-Calção Polly,Rosa Médio,ES2420RM-20
Saia-Calção Polly,Rosa Claro,ES2420RC-16
Saia-Calção Polly,Rosa Claro,ES2420RC-20
Saia-Calção Polly,Grafite,ES2420GR-22
Calção Lih,Marinho,ES2421MA-22